USE BiblioIA;


-- 1. TABLAS DE DOMINIO Y ESTADOS 

INSERT INTO ESTADO_SOCIO (nombre) VALUES 
('Activo'), ('Suspendido'), ('Baja');       -- IDs: 1, 2, 3

INSERT INTO ESTADO_EJEMPLAR (nombre) VALUES 
('Disponible'), ('Prestado'), ('Dañado'), ('Baja'); -- IDs: 1, 2, 3, 4

INSERT INTO ESTADO_PRESTAMO (nombre) VALUES 
('Activo'), ('Devuelto'), ('Vencido');      -- IDs: 1, 2, 3

INSERT INTO ESTADO_RESERVA (nombre) VALUES 
('Pendiente'), ('Avisado'), ('Completada'), ('Cancelada'); -- IDs: 1, 2, 3, 4

INSERT INTO GENERO (nombre, descripcion) VALUES
('Ingeniería de Software', 'Metodologías, procesos unificados y arquitectura'),
('Bases de Datos', 'Diseño, modelado relacional y SQL'),
('Sistemas Operativos', 'Sistemas de archivos, kernel y memoria'),
('Matemática Computacional', 'Programación lineal y optimización'),
('Programación', 'Estructuras de datos dinámicas y algoritmos'),
('Redes y Telecomunicaciones', 'Protocolos, arquitectura de redes y comunicaciones'),
('Inteligencia Artificial',    'Aprendizaje automático, redes neuronales y agentes'),
('Seguridad Informática',      'Criptografía, hacking ético y auditoría de sistemas'),
('Desarrollo Web',             'Frontend, backend y arquitecturas web modernas'),
('Compiladores',               'Análisis léxico, sintáctico y generación de código');

INSERT INTO NACIONALIDAD (nombre) VALUES
('Francesa'),       -- ID 1
('Británica'),      -- ID 2
('Egipcia'),        -- ID 3
('India'),          -- ID 4
('Estadounidense'), -- ID 5
('Suiza'),          -- ID 6
('Sueca'),          -- ID 7
('Alemana'),        -- ID 8
('Canadiense'),     -- ID 9
('Holandesa'),      -- ID 10
('Israelí'),        -- ID 11
('Japonesa');       -- ID 12


-- 2. TABLAS MAESTRAS (Autores y Libros)

INSERT INTO AUTOR (nombre, apellido, id_nacionalidad) VALUES
('Philippe',  'Kruchten',    1),
('Ian',       'Sommerville', 2),
('Ramez',     'Elmasri',     3),
('Shamkant',  'Navathe',     4),
('Abraham',   'Silberschatz',5),
('Andrew',    'Tanenbaum',   5),
('Hamdy',     'Taha',        3),
('Niklaus',   'Wirth',       6),
('Roger',     'Pressman',    5),
('Ivar',      'Jacobson',    7),
('James',    'Kurose',       5),
('Keith',    'Ross',         9),
('Stuart',   'Russell',      2),
('Peter',    'Norvig',       5),
('Bruce',    'Schneier',     5),
('William',  'Stallings',    5),
('Martin',   'Fowler',       2),
('Robert',   'Martin',       5),
('Alfred',   'Aho',          5),
('Jeffrey',  'Ullman',       5),
('Andrew',   'Hunt',         5),
('David',    'Thomas',       2),
('Erich',    'Gamma',        6),
('Yukihiro', 'Matsumoto',    12),
('Edsger',   'Dijkstra',     10);

INSERT INTO LIBRO (isbn, titulo, anio_publicacion, stock_total, stock_disponible) VALUES
('978-0201123456', 'Arquitectura de Software: Vistas 4+1',         1995, 3, 2),
('978-0133970777', 'Ingeniería de Software: Un Enfoque Práctico',   2014, 5, 2),
('978-0137081073', 'El Proceso Unificado de Desarrollo de Software', 1999, 4, 2),
('978-0133970778', 'Ingeniería de Software',                        2011, 4, 3),
('978-0133970779', 'Sistemas de Bases de Datos: Conceptos',         2015, 6, 4),
('978-0133970780', 'Fundamentos de Bases de Datos',                 2010, 5, 3),
('978-0133970781', 'Sistemas Operativos Modernos',                  2014, 4, 1),
('978-0133970782', 'Conceptos de Sistemas Operativos',              2018, 5, 2),
('978-0133970783', 'Investigación de Operaciones',                  2017, 3, 2),
('978-0133970784', 'Algoritmos y Estructuras de Datos en Pascal',   1985, 2, 1),
('978-0133970785', 'Diseño de Bases de Datos Relacionales',         2008, 4, 2),
('978-0133970786', 'Patrones de Arquitectura de Software',          2001, 3, 2),
('978-0133970787', 'Administración de Linux',                       2020, 2, 1),
('978-0133970788', 'Modelos Lineales con LINDO',                    2005, 3, 2),
('978-0133970789', 'Programación Estructurada',                     1990, 4, 2),
('978-0133970790', 'SQL Avanzado',                                 2019, 5, 3),
('978-0133970791', 'Metodologías Ágiles y Scrum',                  2021, 6, 4),
('978-0133970792', 'Sistemas de Archivos NTFS y VFS',               2012, 2, 1),
('978-0133970793', 'El Método Simplex',                             2003, 3, 2),
('978-0133970794', 'Normalización de Bases de Datos',               2016, 4, 3),
('978-0136081559', 'Redes de Computadoras: Un Enfoque Descendente',     2017, 5, 3),
('978-0134610993', 'Inteligencia Artificial: Un Enfoque Moderno',       2020, 6, 4),
('978-1119096726', 'Criptografía Aplicada',                             2015, 3, 1),
('978-0134444321', 'Seguridad en Redes',                                2018, 4, 2),
('978-0201633610', 'Patrones de Diseño',                                1994, 4, 2),
('978-0132350884', 'Código Limpio',                                     2008, 6, 4),
('978-0201100884', 'Compiladores: Principios, Técnicas y Herramientas', 1986, 3, 1),
('978-0596007126', 'El Programador Pragmático',                        1999, 4, 2),
('978-1491950357', 'Aprendiendo React',                                 2017, 5, 3),
('978-0596516178', 'JavaScript: Las Buenas Partes',                     2008, 3, 2),
('978-0134494166', 'Arquitectura Limpia',                               2017, 4, 3),
('978-0596805524', 'Construyendo APIs REST',                            2013, 3, 2),
('978-0134757599', 'Refactorización: Mejorando el Diseño del Código',   2018, 4, 2),
('978-0201615880', 'Patrones de Análisis',                              1996, 2, 1),
('978-0321125215', 'Diseño Dirigido por el Dominio',                    2003, 3, 1),
('978-1937785499', 'Aprende Python en Profundidad',                     2014, 5, 3),
('978-0073523323', 'Algoritmos: Diseño y Análisis',                     2011, 4, 2),
('978-0262033848', 'Introducción a los Algoritmos',                     2009, 6, 3),
('978-0596009205', 'Cabeza Primero en Diseño de Patrones',              2004, 3, 2),
('978-0321356680', 'Effective Java',                                    2008, 4, 2),
('978-0135957059', 'El Programador Pragmático (20 Aniversario)',        2019, 4, 3),
('978-0596007683', 'Aprendiendo SQL',                                   2009, 5, 3),
('978-1449373320', 'Aprendiendo Docker',                                2016, 3, 2),
('978-1492040347', 'Kubernetes en Acción',                              2019, 4, 2),
('978-0134757003', 'Sistemas Distribuidos: Principios y Paradigmas',    2017, 4, 2),
('978-0596527068', 'Aprendiendo Sistemas Operativos',                   2007, 3, 1),
('978-0596514983', 'Algoritmos en Java',                                 2007, 4, 2),
('978-1593275846', 'Estructuras de Datos en Python',                    2015, 5, 3),
('978-0596158039', 'Programación Funcional con Scala',                  2011, 3, 1),
('978-1491901859', 'Microservicios: Diseño y Construcción',             2015, 4, 2);


-- 3. TABLAS INTERMEDIAS (Asignaciones N:M)

INSERT INTO LIBRO_AUTOR (isbn_libro, id_autor) VALUES
('978-0201123456', 1), ('978-0133970777', 9), ('978-0137081073', 10), ('978-0133970778', 2), ('978-0133970779', 3), ('978-0133970779', 4), ('978-0133970780', 5), ('978-0133970781', 6), ('978-0133970782', 5), ('978-0133970783', 7), ('978-0133970784', 8), ('978-0133970785', 3), ('978-0133970786', 9), ('978-0133970787', 6), ('978-0133970788', 7), ('978-0133970789', 8), ('978-0133970790', 5), ('978-0133970791', 2), ('978-0133970792', 6), ('978-0133970793', 7), ('978-0133970794', 3), ('978-0136081559', 11), ('978-0136081559', 12), ('978-0134610993', 13), ('978-0134610993', 14), ('978-1119096726', 15), ('978-0134444321', 16), ('978-0201633610', 23), ('978-0132350884', 18), ('978-0201100884', 19), ('978-0201100884', 20), ('978-0596007126', 21), ('978-0596007126', 22), ('978-1491950357', 17), ('978-0596516178', 17), ('978-0134494166', 18), ('978-0596805524', 17), ('978-0134757599', 17), ('978-0201615880', 17), ('978-0321125215', 17), ('978-1937785499', 17), ('978-0073523323', 19), ('978-0262033848', 19), ('978-0262033848', 20), ('978-0596009205', 17), ('978-0321356680', 17), ('978-0135957059', 21), ('978-0135957059', 22), ('978-0596007683', 17), ('978-1449373320', 17), ('978-1492040347', 17), ('978-0134757003', 16), ('978-0596527068', 6), ('978-0596514983', 17), ('978-1593275846', 17), ('978-0596158039', 17), ('978-1491901859', 17);

INSERT INTO LIBRO_GENERO (isbn_libro, id_genero) VALUES
('978-0201123456', 1), ('978-0133970777', 1), ('978-0137081073', 1), ('978-0133970778', 1), ('978-0133970779', 2), ('978-0133970780', 2), ('978-0133970785', 2), ('978-0133970790', 2), ('978-0133970794', 2), ('978-0133970781', 3), ('978-0133970782', 3), ('978-0133970787', 3), ('978-0133970792', 3), ('978-0133970783', 4), ('978-0133970788', 4), ('978-0133970793', 4), ('978-0133970784', 5), ('978-0133970789', 5), ('978-0133970786', 1), ('978-0133970791', 1), ('978-0136081559', 6), ('978-0134610993', 7), ('978-1119096726', 8), ('978-0134444321', 8), ('978-0134444321', 6), ('978-0201633610', 1), ('978-0132350884', 5), ('978-0201100884', 10), ('978-0596007126', 5), ('978-1491950357', 9), ('978-0596516178', 9), ('978-0134494166', 1), ('978-0596805524', 9), ('978-0134757599', 5), ('978-0201615880', 1), ('978-0321125215', 1), ('978-1937785499', 5), ('978-0073523323', 5), ('978-0262033848', 5), ('978-0596009205', 1), ('978-0321356680', 5), ('978-0135957059', 5), ('978-0596007683', 2), ('978-1449373320', 3), ('978-1492040347', 6), ('978-0134757003', 3), ('978-0596527068', 3), ('978-0596514983', 5), ('978-1593275846', 5), ('978-0596158039', 5), ('978-1491901859', 9);


-- 4. EJEMPLARES FÍSICOS (Usa id_estado_ejemplar: 1 Disponible, 2 Prestado, 3 Dañado, 4 Baja)

INSERT INTO EJEMPLAR (isbn_libro, nro_ejemplar, id_estado_ejemplar) VALUES
('978-0201123456', 1, 2), ('978-0201123456', 2, 1), ('978-0201123456', 3, 1),
('978-0133970777', 1, 2), ('978-0133970777', 2, 2), ('978-0133970777', 3, 2), ('978-0133970777', 4, 1), ('978-0133970777', 5, 1),
('978-0137081073', 1, 2), ('978-0137081073', 2, 2), ('978-0137081073', 3, 1), ('978-0137081073', 4, 4),
('978-0133970778', 1, 2), ('978-0133970778', 2, 1), ('978-0133970778', 3, 1), ('978-0133970778', 4, 1),
('978-0133970779', 1, 2), ('978-0133970779', 2, 2), ('978-0133970779', 3, 1), ('978-0133970779', 4, 1), ('978-0133970779', 5, 1), ('978-0133970779', 6, 1),
('978-0133970780', 1, 2), ('978-0133970780', 2, 2), ('978-0133970780', 3, 1), ('978-0133970780', 4, 1), ('978-0133970780', 5, 1),
('978-0133970781', 1, 2), ('978-0133970781', 2, 2), ('978-0133970781', 3, 2), ('978-0133970781', 4, 1),
('978-0133970782', 1, 2), ('978-0133970782', 2, 2), ('978-0133970782', 3, 2), ('978-0133970782', 4, 1), ('978-0133970782', 5, 1),
('978-0133970783', 1, 2), ('978-0133970783', 2, 1), ('978-0133970783', 3, 1),
('978-0133970784', 1, 2), ('978-0133970784', 2, 1),
('978-0133970785', 1, 2), ('978-0133970785', 2, 2), ('978-0133970785', 3, 1), ('978-0133970785', 4, 1),
('978-0133970786', 1, 2), ('978-0133970786', 2, 1), ('978-0133970786', 3, 1),
('978-0133970787', 1, 2), ('978-0133970787', 2, 1),
('978-0133970788', 1, 2), ('978-0133970788', 2, 1), ('978-0133970788', 3, 1),
('978-0133970789', 1, 2), ('978-0133970789', 2, 2), ('978-0133970789', 3, 1), ('978-0133970789', 4, 1),
('978-0133970790', 1, 2), ('978-0133970790', 2, 2), ('978-0133970790', 3, 1), ('978-0133970790', 4, 1), ('978-0133970790', 5, 1),
('978-0133970791', 1, 2), ('978-0133970791', 2, 2), ('978-0133970791', 3, 1), ('978-0133970791', 4, 1), ('978-0133970791', 5, 1), ('978-0133970791', 6, 1),
('978-0133970792', 1, 2), ('978-0133970792', 2, 1),
('978-0133970793', 1, 2), ('978-0133970793', 2, 1), ('978-0133970793', 3, 1),
('978-0133970794', 1, 2), ('978-0133970794', 2, 1), ('978-0133970794', 3, 1), ('978-0133970794', 4, 1),
('978-0136081559', 1, 2), ('978-0136081559', 2, 1), ('978-0136081559', 3, 1), ('978-0136081559', 4, 1), ('978-0136081559', 5, 1),
('978-0134610993', 1, 2), ('978-0134610993', 2, 2), ('978-0134610993', 3, 1), ('978-0134610993', 4, 1), ('978-0134610993', 5, 1), ('978-0134610993', 6, 1),
('978-1119096726', 1, 2), ('978-1119096726', 2, 2), ('978-1119096726', 3, 1),
('978-0134444321', 1, 2), ('978-0134444321', 2, 1), ('978-0134444321', 3, 1), ('978-0134444321', 4, 1),
('978-0201633610', 1, 2), ('978-0201633610', 2, 1), ('978-0201633610', 3, 1), ('978-0201633610', 4, 1),
('978-0132350884', 1, 2), ('978-0132350884', 2, 2), ('978-0132350884', 3, 1), ('978-0132350884', 4, 1), ('978-0132350884', 5, 1), ('978-0132350884', 6, 1),
('978-0201100884', 1, 2), ('978-0201100884', 2, 2), ('978-0201100884', 3, 4),
('978-0596007126', 1, 2), ('978-0596007126', 2, 1), ('978-0596007126', 3, 1), ('978-0596007126', 4, 1),
('978-1491950357', 1, 2), ('978-1491950357', 2, 2), ('978-1491950357', 3, 1), ('978-1491950357', 4, 1), ('978-1491950357', 5, 1),
('978-0596516178', 1, 2), ('978-0596516178', 2, 1), ('978-0596516178', 3, 1),
('978-0134494166', 1, 2), ('978-0134494166', 2, 1), ('978-0134494166', 3, 1), ('978-0134494166', 4, 1),
('978-0596805524', 1, 2), ('978-0596805524', 2, 1), ('978-0596805524', 3, 1),
('978-0134757599', 1, 2), ('978-0134757599', 2, 2), ('978-0134757599', 3, 1), ('978-0134757599', 4, 1),
('978-0201615880', 1, 2), ('978-0201615880', 2, 1),
('978-0321125215', 1, 2), ('978-0321125215', 2, 4), ('978-0321125215', 3, 1),
('978-1937785499', 1, 2), ('978-1937785499', 2, 2), ('978-1937785499', 3, 1), ('978-1937785499', 4, 1), ('978-1937785499', 5, 1),
('978-0073523323', 1, 2), ('978-0073523323', 2, 1), ('978-0073523323', 3, 1), ('978-0073523323', 4, 1),
('978-0262033848', 1, 2), ('978-0262033848', 2, 2), ('978-0262033848', 3, 1), ('978-0262033848', 4, 1), ('978-0262033848', 5, 1), ('978-0262033848', 6, 1),
('978-0596009205', 1, 2), ('978-0596009205', 2, 1), ('978-0596009205', 3, 1),
('978-0321356680', 1, 2), ('978-0321356680', 2, 1), ('978-0321356680', 3, 1), ('978-0321356680', 4, 1),
('978-0135957059', 1, 2), ('978-0135957059', 2, 1), ('978-0135957059', 3, 1), ('978-0135957059', 4, 1),
('978-0596007683', 1, 2), ('978-0596007683', 2, 2), ('978-0596007683', 3, 1), ('978-0596007683', 4, 1), ('978-0596007683', 5, 1),
('978-1449373320', 1, 2), ('978-1449373320', 2, 1), ('978-1449373320', 3, 1),
('978-1492040347', 1, 2), ('978-1492040347', 2, 2), ('978-1492040347', 3, 1), ('978-1492040347', 4, 1),
('978-0134757003', 1, 2), ('978-0134757003', 2, 1), ('978-0134757003', 3, 1), ('978-0134757003', 4, 1),
('978-0596527068', 1, 2), ('978-0596527068', 2, 1), ('978-0596527068', 3, 1),
('978-0596514983', 1, 2), ('978-0596514983', 2, 2), ('978-0596514983', 3, 1), ('978-0596514983', 4, 1),
('978-1593275846', 1, 2), ('978-1593275846', 2, 1), ('978-1593275846', 3, 1), ('978-1593275846', 4, 1), ('978-1593275846', 5, 1),
('978-0596158039', 1, 2), ('978-0596158039', 2, 1), ('978-0596158039', 3, 1),
('978-1491901859', 1, 2), ('978-1491901859', 2, 2), ('978-1491901859', 3, 1), ('978-1491901859', 4, 1);


-- 5. SOCIOS (Usa id_estado_socio: 1 Activo, 2 Suspendido, 3 Baja)

INSERT INTO SOCIO (dni, nombre, apellido, email, fecha_alta, id_estado_socio) VALUES
('35123456', 'Juan',      'Weigandt',     'juancraftero777@email.com', '2025-01-10', 1),
('28456789', 'Maria',     'Gomez',      'maria@email.com',           '2025-02-15', 1),
('41234567', 'Carlos',    'Lopez',      'carlos@email.com',          '2025-03-20', 2),
('33987654', 'Ana',       'Martinez',   'ana@email.com',             '2025-04-25', 1),
('29112233', 'Luis',      'Rodriguez',  'luis@email.com',            '2025-05-30', 1),
('45678901', 'Laura',     'Fernandez',  'laura@email.com',           '2025-06-05', 1),
('31445566', 'Diego',     'Gonzalez',   'diego@email.com',           '2025-07-10', 1),
('40123987', 'Sofia',     'Diaz',       'sofia@email.com',           '2025-08-15', 1),
('27889900', 'Valentin',  'Paccot',     'PP@email.com',              '2025-09-20', 3),
('38556677', 'Marta',     'Alvarez',    'marta@email.com',           '2025-10-25', 1),
('42334455', 'Pedro',     'Romero',     'pedro@email.com',           '2026-01-05', 1),
('36778899', 'Lucia',     'Suarez',     'lucia@email.com',           '2026-01-10', 1),
('25112244', 'Jorge',     'Torres',     'jorge@email.com',           '2026-01-15', 1),
('39445522', 'Elena',     'Ruiz',       'elena@email.com',           '2026-01-20', 1),
('34556611', 'Camilo',    'Tommasi',    'camilo@email.com',          '2026-01-25', 1),
('43223344', 'Paula',     'Flores',     'paula@email.com',           '2026-02-01', 1),
('30113355', 'Andres',    'Acosta',     'andres@email.com',          '2026-02-05', 1),
('26998877', 'Silvia',    'Medina',     'silvia@email.com',          '2026-02-10', 2),
('44556677', 'Martin',    'Rojas',      'martin@email.com',          '2026-02-15', 1),
('37221100', 'Valentino', 'Gussalli',   'valentino@email.com',       '2026-02-20', 1),
('32445588', 'Roberto',   'Castro',     'roberto@email.com',         '2026-03-01', 1),
('24887766', 'Teresa',    'Ortiz',      'teresa@email.com',          '2026-03-05', 1),
('41998833', 'Fernando',  'Silva',      'fernando@email.com',        '2026-03-10', 1),
('35667788', 'Patricia',  'Nuñez',      'patricia@email.com',        '2026-03-15', 1),
('29334455', 'Alejandro', 'Cruz',       'alejandro@email.com',       '2026-03-20', 1),
('46112233', 'Natalia',   'Reyes',      'natalia@email.com',         '2026-04-01', 1),
('38990011', 'Hugo',      'Morales',    'hugo@email.com',            '2026-04-05', 1),
('31223344', 'Luciano',   'Herrera',    'luciano@email.com',         '2026-04-10', 1),
('40556677', 'Mariano',   'Luna',       'mariano@email.com',         '2026-04-15', 1),
('36119988', 'Valeria',   'Cabrera',    'valeria@email.com',         '2026-04-20', 1),
('37001122', 'Gabriel',   'Pereyra',    'gabriel.pereyra@email.com',  '2026-01-08', 1),
('40223344', 'Florencia', 'Sosa',       'florencia.sosa@email.com',   '2026-01-12', 1),
('33445566', 'Tomas',     'Ibarra',     'tomas.ibarra@email.com',     '2026-01-18', 1),
('28667788', 'Lautaro',   'Vega',       'lautaro.vega@email.com',     '2026-01-22', 1),
('45889900', 'Agustina',  'Molina',     'agustina.molina@email.com',  '2026-01-28', 2),
('31002233', 'Bruno',     'Carrizo',    'bruno.carrizo@email.com',    '2026-02-02', 1),
('39224455', 'Candela',   'Ledesma',    'candela.ledesma@email.com',  '2026-02-08', 1),
('26446677', 'Ezequiel',  'Funes',      'ezequiel.funes@email.com',   '2026-02-12', 1),
('44668899', 'Milagros',  'Aguero',     'milagros.aguero@email.com',  '2026-02-18', 1),
('29880011', 'Nicolas',   'Benitez',    'nicolas.benitez@email.com',  '2026-02-22', 3),
('37102233', 'Florencia', 'Quiroga',    'florencia.quiroga@email.com','2026-02-28', 1),
('41324455', 'Ignacio',   'Paz',        'ignacio.paz@email.com',      '2026-03-04', 1),
('25546677', 'Julieta',   'Campos',     'julieta.campos@email.com',   '2026-03-08', 1),
('38768899', 'Maximiliano','Ferreyra',  'maxi.ferreyra@email.com',    '2026-03-12', 1),
('33980011', 'Rocio',     'Maidana',    'rocio.maidana@email.com',    '2026-03-16', 1),
('46102244', 'Franco',    'Villalba',   'franco.villalba@email.com',  '2026-03-20', 1),
('30324466', 'Antonella', 'Barrios',    'antonella.barrios@email.com','2026-03-24', 2),
('24546688', 'Joaquin',   'Sanchez',    'joaquin.sanchez@email.com',  '2026-03-28', 1),
('41768800', 'Catalina',  'Ojeda',      'catalina.ojeda@email.com',   '2026-04-02', 1),
('35980022', 'Santino',   'Cabral',     'santino.cabral@email.com',   '2026-04-06', 1),
('29102244', 'Abril',     'Godoy',      'abril.godoy@email.com',      '2026-04-10', 1),
('46324466', 'Bautista',  'Acuña',      'bautista.acuna@email.com',   '2026-04-14', 1),
('38546688', 'Mia',       'Bordon',     'mia.bordon@email.com',       '2026-04-18', 1),
('31768800', 'Thiago',    'Aranda',     'thiago.aranda@email.com',    '2026-04-22', 1),
('40980022', 'Renata',    'Coronel',    'renata.coronel@email.com',   '2026-04-26', 1),
('36102255', 'Dante',     'Quintana',   'dante.quintana@email.com',   '2026-04-30', 1),
('27324477', 'Lola',      'Avalos',     'lola.avalos@email.com',      '2026-05-04', 1),
('43546699', 'Benicio',   'Heredia',    'benicio.heredia@email.com',  '2026-05-08', 1),
('32768811', 'Helena',    'Soria',      'helena.soria@email.com',     '2026-05-12', 1),
('45980033', 'Felipe',    'Bazan',      'felipe.bazan@email.com',     '2026-05-16', 1),
('28102266', 'Olivia',    'Lemos',      'olivia.lemos@email.com',     '2026-05-20', 1),
('39324488', 'Mateo',     'Escobar',    'mateo.escobar@email.com',    '2026-05-24', 1),
('25546700', 'Zoe',       'Toledo',     'zoe.toledo@email.com',       '2026-05-28', 2),
('41768822', 'Ramiro',    'Salinas',    'ramiro.salinas@email.com',   '2026-06-01', 1),
('34980044', 'Pilar',     'Vargas',     'pilar.vargas@email.com',     '2026-06-05', 1);


-- 6. SANCIONES

INSERT INTO SANCION (id_socio, tipo, fecha_inicio, fecha_fin, motivo) VALUES
(3,  'Mora',  '2026-06-01', '2026-06-20', 'Devolución tardía — 7 días de mora'),
(18, 'Daño',  '2026-06-05', '2026-07-05', 'Hojas arrancadas en ejemplar devuelto'),
(9,  'Mora',  '2026-05-20', '2026-06-10', 'Préstamo vencido sin devolución'),
(1,  'Mora',  '2026-01-10', '2026-01-20', 'Sanción cumplida — 3 días de mora'),
(2,  'Mora',  '2025-11-01', '2025-11-10', 'Devolución con 2 días de retraso'),
(5,  'Daño',  '2025-09-15', '2025-10-15', 'Tapa dañada en libro de SO'),
(7,  'Mora',  '2026-02-10', '2026-02-20', 'Vencimiento sin aviso'),
(11, 'Mora',  '2026-03-05', '2026-03-12', 'Retraso en devolución de 4 días'),
(14, 'Mora',  '2026-04-01', '2026-04-08', 'Mora leve — 2 días'),
(35, 'Mora',  '2026-05-10', '2026-05-25', 'Devolución tardía — 5 días de mora'),
(40, 'Daño',  '2026-04-12', '2026-05-12', 'Lomo del libro roto al devolverlo'),
(43, 'Mora',  '2026-03-15', '2026-03-25', 'Retraso de 6 días en devolución'),
(48, 'Mora',  '2026-02-20', '2026-03-01', 'Mora leve — 3 días'),
(52, 'Daño',  '2026-01-15', '2026-02-15', 'Manchas de humedad en ejemplar'),
(58, 'Mora',  '2026-05-25', '2026-06-10', 'Préstamo vencido sin devolución'),
(61, 'Mora',  '2026-04-28', '2026-05-08', 'Vencimiento sin aviso previo'),
(64, 'Daño',  '2026-03-22', '2026-04-22', 'Hojas subrayadas con tinta indeleble');


-- 7. PRÉSTAMOS (Usa id_estado_prestamo: 1 Activo, 2 Devuelto, 3 Vencido)

INSERT INTO PRESTAMO (id_socio, id_ejemplar, fecha_prestamo, fecha_vencimiento, fecha_devolucion, id_estado_prestamo) VALUES
(1,  1,  '2026-06-10', '2026-06-24', NULL, 1),
(2,  4,  '2026-06-10', '2026-06-24', NULL, 3),
(4,  5,  '2026-06-11', '2026-06-25', NULL, 1),
(5,  9,  '2026-06-12', '2026-06-26', NULL, 1),
(6,  10, '2026-06-13', '2026-06-27', NULL, 3),
(7,  13, '2026-06-15', '2026-06-29', NULL, 1),
(8,  17, '2026-06-11', '2026-06-25', NULL, 3),
(10, 18, '2026-06-17', '2026-07-01', NULL, 1),
(11, 23, '2026-06-05', '2026-06-19', NULL, 1),
(12, 24, '2026-06-05', '2026-06-19', NULL, 1),
(13, 28, '2026-06-02', '2026-06-16', NULL, 1),
(14, 29, '2026-06-03', '2026-06-17', NULL, 1),
(15, 32, '2026-06-04', '2026-06-18', NULL, 1),
(16, 33, '2026-06-01', '2026-06-15', NULL, 1),
(19, 37, '2026-06-05', '2026-06-19', NULL, 1),
(20, 40, '2026-05-27', '2026-06-10', NULL, 1),
(21, 42, '2026-06-03', '2026-06-17', NULL, 1),
(22, 46, '2026-06-04', '2026-06-18', NULL, 1),
(23, 49, '2026-06-02', '2026-06-16', NULL, 1),
(24, 51, '2026-06-05', '2026-06-19', NULL, 1),
(25, 54, '2026-05-30', '2026-06-13', NULL, 1),
(26, 58, '2026-06-01', '2026-06-15', NULL, 1),
(27, 59, '2026-06-03', '2026-06-17', NULL, 1),
(28, 63, '2026-06-04', '2026-06-18', NULL, 1),
(29, 64, '2026-06-05', '2026-06-19', NULL, 1),
(30, 69, '2026-06-02', '2026-06-16', NULL, 1),
(31, 78,  '2026-06-03', '2026-06-17', NULL, 1),
(32, 84,  '2026-06-04', '2026-06-18', NULL, 1),
(33, 89,  '2026-06-01', '2026-06-15', NULL, 1),
(34, 93,  '2026-06-02', '2026-06-16', NULL, 1),
(36, 97,  '2026-06-05', '2026-06-19', NULL, 1),
(37, 101, '2026-06-03', '2026-06-17', NULL, 1),
(38, 104, '2026-06-04', '2026-06-18', NULL, 1),
(39, 108, '2026-06-01', '2026-06-15', NULL, 1),
(41, 112, '2026-06-02', '2026-06-16', NULL, 1),
(42, 117, '2026-06-05', '2026-06-19', NULL, 1),
(44, 122, '2026-06-03', '2026-06-17', NULL, 1),
(45, 126, '2026-06-04', '2026-06-18', NULL, 1),
(1,  71, '2026-05-01', '2026-05-15', NULL, 3),
(2,  74, '2026-04-10', '2026-04-24', NULL, 3),
(4,  6,  '2026-04-20', '2026-05-04', NULL, 3),
(6,  30, '2026-05-05', '2026-05-19', NULL, 3),
(10, 34, '2026-05-10', '2026-05-24', NULL, 3),
(13, 43, '2026-04-15', '2026-04-29', NULL, 3),
(20, 55, '2026-05-08', '2026-05-22', NULL, 3),
(33, 81,  '2026-04-25', '2026-05-09', NULL, 3),
(36, 91,  '2026-05-01', '2026-05-15', NULL, 3),
(39, 99,  '2026-05-12', '2026-05-26', NULL, 3),
(42, 110, '2026-04-18', '2026-05-02', NULL, 3),
(46, 130, '2026-05-20', '2026-06-03', NULL, 3),
(1,  2,  '2026-01-05', '2026-01-19', '2026-01-18', 2),
(2,  7,  '2026-01-10', '2026-01-24', '2026-01-22', 2),
(3,  11, '2025-11-01', '2025-11-15', '2025-11-14', 2),
(4,  14, '2026-02-01', '2026-02-15', '2026-02-14', 2),
(5,  19, '2025-09-10', '2025-09-24', '2025-09-30', 2),
(6,  25, '2026-02-10', '2026-02-24', '2026-02-23', 2),
(7,  31, '2026-02-05', '2026-02-19', '2026-02-26', 2),
(8,  35, '2026-03-01', '2026-03-15', '2026-03-14', 2),
(10, 38, '2026-01-20', '2026-02-03', '2026-02-01', 2),
(11, 44, '2026-03-10', '2026-03-24', '2026-03-22', 2),
(12, 47, '2026-02-15', '2026-03-01', '2026-02-28', 2),
(13, 50, '2026-03-20', '2026-04-03', '2026-04-01', 2),
(14, 52, '2026-04-05', '2026-04-19', '2026-04-17', 2),
(15, 56, '2026-01-15', '2026-01-29', '2026-01-27', 2),
(16, 60, '2026-04-10', '2026-04-24', '2026-04-22', 2),
(17, 65, '2026-03-05', '2026-03-19', '2026-03-18', 2),
(19, 39, '2026-02-20', '2026-03-06', '2026-03-04', 2),
(21, 45, '2026-04-15', '2026-04-29', '2026-04-27', 2),
(22, 48, '2026-05-01', '2026-05-15', '2026-05-13', 2),
(25, 57, '2026-03-25', '2026-04-08', '2026-04-06', 2),
(27, 61, '2026-04-20', '2026-05-04', '2026-05-02', 2),
(28, 66, '2026-05-10', '2026-05-24', '2026-05-22', 2),
(31, 79,  '2026-02-01', '2026-02-15', '2026-02-14', 2),
(32, 85,  '2026-02-10', '2026-02-24', '2026-02-23', 2),
(34, 94,  '2026-02-20', '2026-03-06', '2026-03-04', 2),
(35, 96,  '2026-03-01', '2026-03-15', '2026-03-20', 2),
(37, 102, '2026-03-10', '2026-03-24', '2026-03-22', 2),
(40, 109, '2026-03-20', '2026-04-03', '2026-04-12', 2),
(41, 113, '2026-04-01', '2026-04-15', '2026-04-13', 2),
(43, 119, '2026-04-10', '2026-04-24', '2026-04-21', 2),
(47, 132, '2026-04-15', '2026-04-29', '2026-04-27', 2),
(48, 134, '2026-04-20', '2026-05-04', '2026-05-15', 2),
(50, 138, '2026-05-01', '2026-05-15', '2026-05-13', 2),
(51, 140, '2026-05-05', '2026-05-19', '2026-05-17', 2),
(53, 144, '2026-05-10', '2026-05-24', '2026-05-22', 2),
(55, 148, '2026-05-15', '2026-05-29', '2026-05-27', 2),
(57, 152, '2026-05-20', '2026-06-03', '2026-06-01', 2),
(59, 156, '2026-05-25', '2026-06-08', '2026-06-06', 2),
(60, 160, '2026-05-28', '2026-06-11', '2026-06-09', 2),
(62, 163, '2026-05-30', '2026-06-13', '2026-06-12', 2),
(63, 165, '2026-06-01', '2026-06-15', '2026-06-14', 2),
(65, 167, '2026-06-02', '2026-06-16', '2026-06-15', 2);


-- 8. CARGA DE DATOS DE PRUEBA EN RESERVA

INSERT INTO RESERVA (id_socio, isbn_libro, fecha_solicitud, id_estado_reserva) VALUES

-- Reservas Pendientes 
(10, '978-0133970781', '2026-06-15', 1),
(25, '978-0134610993', '2026-06-16', 1), 
(42, '978-0132350884', '2026-06-17', 1), 
(60, '978-0262033848', '2026-06-18', 1), 

-- Reservas Avisadas 
(5,  '978-0136081559', '2026-06-10', 2), 
(14, '978-1491950357', '2026-06-12', 2), 
(33, '978-0596007683', '2026-06-14', 2), 

-- Reservas Completadas 
(8,  '978-0596007126', '2026-05-20', 3), 
(18, '978-0134444321', '2026-05-25', 3),
(51, '978-0133970779', '2026-05-28', 3), 

-- Reservas Canceladas 
(22, '978-0201633610', '2026-06-01', 4), 
(39, '978-0596516178', '2026-06-05', 4); 
